feature,mean_abs_shap,total
z_pressure_bar_mean_roll24h_std,25.143122,25.143122
pct_pressure_minus_flow_mean_roll72h_std,15.639508,15.639508
z_temp_celsius_mean_roll72h_min,7.207904,7.207904
fz_temp_celsius_mean,5.6795163,5.6795163
z_pressure_bar_mean_roll72h_max,4.947145,4.947145
xy_nonzero_share,3.5330658,3.5330658
vib_x_kurtosis_roll72h_max,3.5103009,3.5103009
z_vibration_x_g_mean_roll72h_min,3.4748733,3.4748733
z_pressure_bar_mean_roll72h_std,2.5789976,2.5789976
z_vibration_x_g_max_roll72h_min,2.3347578,2.3347578
z_temp_celsius_mean_roll72h_max,2.0776267,2.0776267
xy_divergence_share,1.9942923,1.9942923
z_flow_lpm_mean_roll72h_max,1.8642093,1.8642093
z_flow_lpm_mean_roll72h_min,1.792358,1.792358
z_pressure_bar_mean_roll24h_max,1.4139888,1.4139888
xy_delta_absmax_roll6h_min,1.3991655,1.3991655
z_temp_celsius_mean_roll72h_std,1.3424802,1.3424802
z_flow_lpm_mean_roll24h_std,1.2126559,1.2126559
z_pressure_bar_mean_roll6h_max,1.19645,1.19645
xy_delta_absmax,1.0295706,1.0295706
z_vibration_x_g_mean_roll72h_max,0.96102256,0.96102256
vib_x_kurtosis_roll72h_min,0.8623878,0.8623878
z_temp_celsius_mean_roll72h_slope,0.8498662,0.8498662
corr_pressure_flow_roll72h_min,0.84451425,0.84451425
z_temp_celsius_mean_roll24h_max,0.8408569,0.8408569
vib_x_kurtosis_roll72h_std,0.8203881,0.8203881
z_vibration_x_g_max_roll72h_max,0.7967543,0.7967543
z_vibration_x_g_mean_roll24h_max,0.791183,0.791183
pct_pressure_minus_flow_mean_roll24h_slope,0.78450996,0.78450996
z_pressure_bar_mean_roll24h_min,0.72108424,0.72108424
z_vibration_x_g_mean_roll6h_max,0.6866643,0.6866643
pct_pressure_minus_flow_mean,0.67181045,0.67181045
z_vibration_x_g_mean_roll72h_slope,0.65361285,0.65361285
z_temp_celsius_mean_roll72h_mean,0.6105021,0.6105021
z_flow_lpm_mean_roll72h_mean,0.6009159,0.6009159
z_vibration_x_g_mean_roll24h_mean,0.57543975,0.57543975
z_flow_lpm_mean_roll6h_min,0.553076,0.553076
pct_pressure_minus_flow_mean_roll72h_min,0.55191916,0.55191916
z_pressure_bar_mean_lag1h,0.5387397,0.5387397
z_vibration_x_g_mean_roll72h_std,0.536736,0.536736
pct_pressure_minus_flow_mean_roll24h_min,0.5338494,0.5338494
pct_pressure_minus_flow_mean_roll24h_std,0.53281164,0.53281164
z_flow_lpm_mean_roll6h_std,0.5325865,0.5325865
z_vibration_x_g_mean_roll72h_mean,0.52714074,0.52714074
z_pressure_bar_mean_roll6h_std,0.44184282,0.44184282
z_vibration_x_g_max_roll24h_min,0.39210525,0.39210525
z_pressure_bar_mean_roll72h_mean,0.39156502,0.39156502
vib_spec_log_power,0.3860702,0.3860702
z_flow_lpm_mean_roll24h_min,0.38042602,0.38042602
fz_pressure_bar_mean,0.36544815,0.36544815
pct_pressure_minus_flow_mean_roll24h_max,0.36141145,0.36141145
pct_pressure_minus_flow_mean_roll6h_std,0.34867468,0.34867468
z_vibration_x_g_max_roll72h_slope,0.34618595,0.34618595
z_flow_lpm_mean_roll72h_std,0.32032785,0.32032785
corr_pressure_flow_roll24h_min,0.31697533,0.31697533
corr_pressure_flow_roll72h_max,0.31669864,0.31669864
xy_delta_absmax_roll6h_mean,0.31043363,0.31043363
pct_pressure_minus_flow_mean_roll72h_max,0.30935362,0.30935362
xy_delta_absmax_roll72h_min,0.30480197,0.30480197
temp_celsius_mean,0.30241424,0.30241424
vib_x_kurtosis_roll24h_min,0.2925294,0.2925294
vib_x_p95,0.28694457,0.28694457
z_pressure_bar_mean_roll72h_slope,0.27614185,0.27614185
vib_x_kurtosis_roll72h_mean,0.27055714,0.27055714
pct_pressure_minus_flow_mean_roll72h_slope,0.2605035,0.2605035
z_pressure_bar_max,0.23045969,0.23045969
z_temp_celsius_mean_roll24h_std,0.22892715,0.22892715
z_pressure_bar_mean_roll72h_min,0.19765662,0.19765662
xy_delta_absmax_roll24h_min,0.191977,0.191977
xy_delta_absmax_roll6h_std,0.18899153,0.18899153
z_vibration_x_g_mean_roll24h_min,0.18278708,0.18278708
z_vibration_x_g_max_roll72h_mean,0.1805259,0.1805259
vib_x_kurtosis_roll6h_min,0.17966382,0.17966382
corr_pressure_flow_roll72h_std,0.17851882,0.17851882
z_vibration_x_g_max_roll72h_std,0.16257662,0.16257662
z_temp_celsius_mean_roll24h_slope,0.124751404,0.124751404
z_vibration_x_g_max_roll6h_min,0.12082377,0.12082377
xy_delta_absmax_roll72h_mean,0.119475655,0.119475655
corr_pressure_flow_roll72h_slope,0.1184131,0.1184131
xy_delta_absmax_roll72h_slope,0.1173047,0.1173047
xy_delta_absmax_roll72h_std,0.11441472,0.11441472
z_pressure_bar_mean_roll24h_slope,0.11253326,0.11253326
z_vibration_x_g_max_roll24h_std,0.089045145,0.089045145
corr_pressure_flow_roll24h_max,0.088183224,0.088183224
z_vibration_x_g_mean_roll24h_std,0.07538011,0.07538011
hour_sin,0.07080669,0.07080669
corr_pressure_flow_roll72h_mean,0.06288191,0.06288191
z_flow_lpm_mean_roll6h_max,0.06277426,0.06277426
vib_x_kurtosis_roll24h_std,0.05919548,0.05919548
pct_pressure_minus_flow_mean_roll72h_mean,0.053699683,0.053699683
z_vibration_x_g_mean_roll6h_min,0.05306419,0.05306419
vib_x_kurtosis_roll6h_mean,0.048649084,0.048649084
z_vibration_x_g_mean_roll24h_slope,0.04847786,0.04847786
vib_x_kurtosis_roll24h_mean,0.04696121,0.04696121
vib_x_kurtosis_roll72h_slope,0.04005757,0.04005757
z_temp_celsius_mean_diff1h,0.039151322,0.039151322
flow_lpm_mean,0.038075108,0.038075108
xy_delta_absmax_roll24h_mean,0.03671945,0.03671945
fz_temp_celsius_mean_roll6h_slope,0.035736047,0.035736047
z_vibration_x_g_max_roll24h_slope,0.03484724,0.03484724
z_flow_lpm_mean_roll72h_slope,0.03440906,0.03440906
xy_delta_absmax_roll72h_max,0.033761956,0.033761956
z_vibration_x_g_max_roll6h_std,0.032833032,0.032833032
z_vibration_x_g_mean_lag1h,0.03239509,0.03239509
z_flow_lpm_mean_roll24h_mean,0.030937778,0.030937778
pressure_bar_mean,0.03053806,0.03053806
corr_pressure_flow_roll24h_mean,0.027253116,0.027253116
z_vibration_x_g_max_roll24h_mean,0.025936477,0.025936477
vib_x_kurtosis_roll24h_slope,0.024588954,0.024588954
z_vibration_x_g_max_roll6h_mean,0.02413923,0.02413923
z_flow_lpm_mean_roll24h_slope,0.02393898,0.02393898
z_pressure_bar_mean_diff24h,0.023886558,0.023886558
vib_x_kurtosis_roll6h_std,0.023291802,0.023291802
xy_delta_mean,0.021601878,0.021601878
xy_delta_absmax_roll24h_max,0.01900096,0.01900096
z_vibration_x_g_max_roll6h_max,0.01724458,0.01724458
corr_pressure_flow_roll24h_std,0.01617598,0.01617598
z_vibration_x_g_mean_diff24h,0.016152248,0.016152248
z_pressure_bar_mean_lag24h,0.0133355055,0.0133355055
xy_delta_absmax_roll6h_max,0.01311025,0.01311025
z_temp_celsius_mean_roll6h_std,0.011061549,0.011061549
z_pressure_bar_mean_diff1h,0.009691817,0.009691817
z_vibration_x_g_max_roll6h_slope,0.0078537585,0.0078537585
corr_pressure_flow_roll6h_min,0.007820177,0.007820177
z_flow_lpm_mean_lag24h,0.0076258266,0.0076258266
vib_spec_band2_share,0.006123115,0.006123115
z_flow_lpm_mean_diff24h,0.0057596774,0.0057596774
z_temp_celsius_mean_diff24h,0.005702435,0.005702435
z_vibration_x_g_mean_roll6h_std,0.0056459745,0.0056459745
hour_cos,0.0050952504,0.0050952504
fz_flow_lpm_mean,0.005018916,0.005018916
corr_pressure_flow_roll6h_std,0.0047104843,0.0047104843
is_weekend,0.00469603,0.00469603
corr_pressure_flow_roll6h_mean,0.0038484202,0.0038484202
vib_spec_band0_share,0.0035689606,0.0035689606
vib_x_kurtosis,0.0033065458,0.0033065458
corr_pressure_flow_roll6h_max,0.0029205517,0.0029205517
z_vibration_x_g_mean_roll6h_slope,0.0029041367,0.0029041367
z_vibration_x_g_mean_lag24h,0.0028336458,0.0028336458
flow_lpm_std,0.0027936383,0.0027936383
corr_pressure_flow_roll24h_slope,0.0026910428,0.0026910428
corr_pressure_flow_roll6h_slope,0.0020472691,0.0020472691
z_flow_lpm_mean_roll6h_slope,0.0019615947,0.0019615947
xy_delta_absmax_roll24h_slope,0.0018393127,0.0018393127
vib_x_crest,0.0016612487,0.0016612487
xy_delta_absmax_roll24h_std,0.0016393078,0.0016393078
z_temp_celsius_mean_roll6h_slope,0.001600928,0.001600928
fz_vibration_x_g_mean,0.0014279593,0.0014279593
pct_pressure_minus_flow_mean_roll6h_slope,0.0013940496,0.0013940496
z_pressure_bar_mean_roll6h_slope,0.001244792,0.001244792
temp_celsius_std,0.0010765945,0.0010765945
vib_spec_band1_share,0.0010387576,0.0010387576
pressure_bar_std,0.0010106581,0.0010106581
vib_spec_entropy,0.000912602,0.000912602
vib_x_kurtosis_roll6h_slope,0.0008949335,0.0008949335
xy_delta_mean_diff24h,0.0008299629,0.0008299629
corr_temp_flow,0.00042892373,0.00042892373
xy_delta_mean_lag1h,0.00038160352,0.00038160352
corr_pressure_flow,0.0003387021,0.0003387021
vibration_x_g_std,0.00033139662,0.00033139662
z_vibration_x_g_max,0.00029586756,0.00029586756
z_flow_lpm_mean_diff1h,0.00023892772,0.00023892772
z_vibration_x_g_mean_diff1h,0.000115929746,0.000115929746
vib_x_burst_count,0.0,0.0
xy_delta_absmax_roll6h_slope,0.0,0.0
xy_delta_mean_diff1h,0.0,0.0
xy_delta_mean_lag24h,0.0,0.0
missing_share,0.0,0.0
invalid_count,0.0,0.0
imputed_share,0.0,0.0
vibration_y_g_max,0.0,0.0
