feature,contamination,cylinder_drift,healthy,pump_wear,valve_leakage,total
z_pressure_bar_mean_roll24h_std,0.0,0.0,1.0202794790138083,0.0363694798267563,0.007211005544876686,1.0638599643854412
pct_pressure_minus_flow_mean_roll24h_max,0.0,0.0,0.009087293130142653,0.5620158972519591,0.0008402970299535109,0.5719434874120553
z_flow_lpm_mean_roll72h_max,0.0,0.15984478567721505,0.05286783462515035,0.029317372945853737,0.3060829468778224,0.5481129401260415
z_flow_lpm_mean_roll6h_max,0.0,0.005567814121513354,0.0035446326875886143,0.000888784194913853,0.4474993024265019,0.4575005334305177
z_pressure_bar_max,0.2355804590255994,0.00038917032013487135,0.15817372423482834,0.03311020297803275,0.0,0.42725355655859537
pct_pressure_minus_flow_mean_roll72h_std,0.0,0.0,0.35981781382154787,0.039724134211292464,0.0024661386027457145,0.402008086635586
pct_pressure_minus_flow_mean_roll24h_std,0.0,0.02671739760999801,0.30728440811325225,0.024717523723007815,0.0009942035731880755,0.3597135330194462
pct_pressure_minus_flow_mean,0.0005076071853039968,0.0007067364843913372,0.07774088027186613,0.06239879490788719,0.20261599073614886,0.34397000958559754
pct_pressure_minus_flow_mean_roll24h_min,0.0,0.0012318901139295958,0.014093863953217633,0.2675617564752916,0.03447874415313744,0.31736625469557633
z_pressure_bar_mean_roll6h_max,0.037069098477243954,0.0,0.1933269087015054,0.06626588976407545,0.005243265543571342,0.30190516248639615
z_pressure_bar_mean_roll72h_max,0.0021533520006326986,0.0,0.017829928454364336,0.27158890268757097,0.002382968465617657,0.29395515160818564
z_temp_celsius_mean_diff24h,0.0,0.00010704840607478405,0.13758177401406255,0.021999637411174704,0.12815692883502697,0.287845388666339
fz_pressure_bar_mean,0.02306485213717053,0.0,0.24353092235227097,0.015997368070525986,0.004376101739548356,0.2869692442995158
pct_pressure_minus_flow_mean_roll72h_max,0.0,0.0,0.006372455171917278,0.26548261999993056,0.005271269845225928,0.2771263450170737
z_pressure_bar_mean_roll72h_slope,0.001446408375325034,0.00044618646477578947,0.05330592913280641,0.14594116627772347,0.07064728858938676,0.27178697884001746
z_temp_celsius_mean_roll72h_slope,0.0,0.003740241400079034,0.0439346043024711,0.1819725033594533,0.028303674812378995,0.25795102387438246
fz_temp_celsius_mean,0.0,0.0013239258308974818,0.11905977835112952,0.035088620844131946,0.08999956956054793,0.24547189458670687
z_flow_lpm_mean_roll24h_mean,0.0,0.00258761514542158,0.018995385452163813,0.008771394573787542,0.2075090677758346,0.23786346294720756
xy_nonzero_share,9.188672146561553e-06,0.16814338412218835,0.04383242580200579,0.0,0.0013328106823922497,0.21331780927873292
hour_sin,0.0,0.0,0.1945487741757477,0.0031320108660559303,0.0,0.19768078504180364
z_temp_celsius_mean_roll24h_slope,0.0,0.00032508635743266087,0.04146746685595577,0.12404043810286741,0.027813671583884952,0.1936466629001408
z_pressure_bar_mean_roll24h_min,0.0,0.0,0.09293211503237264,0.015584206288839605,0.07562989645544707,0.18414621777665932
z_pressure_bar_mean_lag1h,0.012859429735157774,0.0,0.14341093661659066,0.018196035022594457,0.0008614388327664531,0.17532784020710934
vib_spec_log_power,0.001144415599530501,0.0,0.08160554907286324,0.07682264709777832,0.006982130460946772,0.16655474223111885
z_temp_celsius_mean_roll24h_std,0.0,0.002737223741999979,0.04001861674698682,0.007471585537871433,0.1022189804499449,0.15244640647680313
pct_pressure_minus_flow_mean_roll72h_mean,0.0,0.0,0.013288578897013717,0.03026880213434642,0.0885473490512808,0.13210473008264093
z_flow_lpm_mean_roll72h_min,0.0,0.0,0.0497061130036674,0.07804040944607937,0.0,0.12774652244974677
z_pressure_bar_mean_roll72h_std,0.0,0.0,0.11521004202306477,0.007573207573252103,0.000709998997818373,0.12349324859413524
z_pressure_bar_mean_diff24h,0.0,5.229559923744798e-05,0.030595473781238374,0.0727759347037134,0.0166349116683856,0.12005861575257482
fz_flow_lpm_mean,0.0,0.002915630750519603,0.04192287757100665,0.002116469390387577,0.07082851975752388,0.11778349746943771
xy_delta_absmax,0.09999968855768751,0.0003395618074302042,0.014902692093688842,0.0,4.4094941369240075e-05,0.1152860374001758
z_flow_lpm_mean_roll6h_min,0.0,5.8119853110861275e-05,0.03613474624391666,0.008406194964762798,0.06931766048172117,0.11391672154351148
z_vibration_x_g_max_roll6h_max,0.0,0.0026401466704273464,0.0034515157240059217,0.10193861097767162,0.00045664482781834645,0.10848691819992323
z_vibration_x_g_mean_roll24h_slope,0.00015673756806145408,0.0019007957922912823,0.013075764828204276,0.08931632276595533,0.003171837672448887,0.10762145862696122
z_flow_lpm_mean_roll6h_std,0.0001839876046306353,0.08856002287010568,0.007984289415477177,0.0033117625213639297,0.003467369309004022,0.10350743172058145
pct_pressure_minus_flow_mean_roll24h_slope,0.0,0.0,0.022079027890977255,0.06825134536904454,0.011139927457673799,0.10147030071769558
pct_pressure_minus_flow_mean_roll72h_min,0.0,0.0,0.012066432003664626,0.008328892806957165,0.08051987378573003,0.10091519859635181
corr_pressure_flow_roll72h_max,0.0,0.0,0.020865448420163857,0.07705149351976007,0.0,0.09791694193992392
vib_x_burst_count,0.08829476013412622,0.0,0.0012542782362570796,0.0,0.0,0.0895490383703833
z_flow_lpm_mean_roll24h_std,0.0,0.006596060192920904,0.05776955285523776,0.021808864175111894,0.0023812077318985034,0.08855568495516905
fz_vibration_x_g_mean,1.7150384330452236e-05,0.0,0.0849603185832455,0.003514524255727324,0.0,0.08849199322330327
vibration_x_g_std,0.004561300190089267,0.0,0.06964189603868241,0.011213949309725727,0.0,0.08541714553849741
z_vibration_x_g_mean_roll24h_min,0.0,0.0,0.016048410852608296,0.0029312638336368604,0.06609441746671989,0.08507409215296505
z_vibration_x_g_max_roll72h_min,0.0,0.0,0.00711890407308467,0.01574664789773261,0.05910165009784132,0.0819672020686586
z_pressure_bar_mean_roll6h_std,0.00042408894478158807,0.0,0.07190856711865881,0.003829531910594469,5.2609713570984484e-05,0.07621479768760586
z_pressure_bar_mean_roll24h_max,0.003689231106760209,0.0,0.05025842350322038,0.02056649051917114,0.00020787605252521382,0.07472202118167694
z_pressure_bar_mean_roll24h_slope,0.0,0.0,0.017963897829265097,0.05217600377074901,0.0008434913960031916,0.0709833929960173
vib_x_p95,0.0030774334566833705,0.0,0.05686101847951137,0.007044141178923862,0.003592080657799039,0.07057467377291764
pressure_bar_std,0.008222593245177766,0.0,0.060427956439829046,0.000505826134114676,0.0005967589112752493,0.06975313473039674
z_flow_lpm_mean_roll72h_mean,0.0,0.0022710731131201705,0.021836468041922037,0.002206986117614569,0.04270767187924884,0.06902219915190562
z_pressure_bar_mean_roll72h_mean,0.0,1.684056337721936e-05,0.0327463376908948,0.02750786920455417,0.007258090477585107,0.0675291379364113
z_vibration_x_g_mean_roll6h_max,0.0005067500701748464,0.0,0.010816926348949213,0.051799186165987846,0.0021495254031629676,0.06527238798827487
fz_temp_celsius_mean_roll6h_slope,0.0,0.0,0.019346576034126702,0.0017605449306986307,0.04024807346083408,0.06135519442565941
vib_x_kurtosis_roll24h_min,0.0,0.0,0.033877302571095384,0.00844201095107407,0.01890349870241728,0.06122281222458674
hour_cos,0.0,0.0,0.052513163010881284,0.0007676918386530149,0.006916716059268253,0.06019757090880255
z_vibration_x_g_mean_roll6h_min,0.0,0.0,0.04930103130731416,0.0024745607580693198,0.004356212262943718,0.056131804328327206
vib_spec_band0_share,0.0,0.0,0.015270285810223811,0.03938691110929097,0.0012779946822991332,0.05593519160181391
z_flow_lpm_mean_roll24h_min,0.0,0.0,0.03335126645594659,0.011459316348864657,0.006188632300033318,0.050999215104844564
z_vibration_x_g_mean_roll72h_slope,0.0,0.0,0.04323813961269037,0.006828057168558984,0.00020632931775548324,0.05027252609900484
z_flow_lpm_mean_roll6h_slope,0.0,0.0,0.034183222529313884,0.0001801134539633613,0.01559045375772246,0.049953789740999704
corr_pressure_flow_roll72h_slope,0.0,0.0,0.009613953880726306,0.0,0.03608236929277582,0.045696323173502126
z_temp_celsius_mean_roll72h_std,0.0,0.001706105400801906,0.024565294439297822,0.017361384665992487,0.0019503735673778205,0.04558315807347004
xy_delta_absmax_roll6h_mean,0.0358169196995439,0.0003480810589734625,0.0007351626583545264,0.007900880138469723,0.00030491085621831395,0.04510595441155993
corr_pressure_flow_roll24h_mean,0.0,0.0,0.019152760568494753,0.004182809635182662,0.02131968272810354,0.04465525293178095
z_vibration_x_g_max_roll24h_std,0.0,0.0,0.023582711060927783,0.020074181569834596,0.0,0.043656892630762376
pressure_bar_mean,0.0,0.0,0.027115838204298612,0.01576630499110232,5.127381018162403e-05,0.04293341700558255
vib_x_kurtosis_roll72h_max,0.0,0.0,0.011559144411926963,0.004695123110687531,0.026667282938086203,0.0429215504607007
corr_pressure_flow_roll6h_min,0.0,0.0,0.021565842294355018,0.007775288862769509,0.013537217418514023,0.04287834857563855
temp_celsius_mean,0.00022668655869965707,0.0007888671824396756,0.0036222704174649597,0.03553727883173224,0.002499371368849102,0.042674474359185637
pct_pressure_minus_flow_mean_roll6h_std,0.0,0.017798881733017226,0.011364703072301412,0.012257123777914726,0.0008079196893259133,0.04222862827255928
pct_pressure_minus_flow_mean_roll72h_slope,0.0,0.00024503901614491506,0.0035750893131599373,0.029815056600274597,0.0065719057717613626,0.040207090701340806
z_vibration_x_g_max_roll24h_min,0.0,0.0,0.006211843218362806,0.01174550975855572,0.02049509457608927,0.03845244755300779
z_vibration_x_g_max_roll72h_max,0.0,8.779352957503774e-05,0.010399253019237649,0.004495445717995204,0.02314381741109462,0.03812630967790251
xy_delta_absmax_roll72h_slope,0.00041750239766779246,0.00010508072839949415,0.016868148102556164,0.018981728497344613,0.0009107665626902317,0.037283226288658294
z_vibration_x_g_max_roll24h_mean,0.0,0.0,0.007024143066789485,0.024028474180600626,0.005517459157149131,0.03657007640453924
vib_x_kurtosis_roll72h_slope,0.0,0.0,0.01890382346358267,0.016047770943280953,0.0010163045828451127,0.03596789898970874
vib_x_kurtosis_roll72h_min,0.0,0.0,0.010791054168909988,0.024143054801557696,0.0007148349457391687,0.035648943916206856
z_temp_celsius_mean_roll6h_std,0.0,0.0004019422417320051,0.018408383425468255,0.00047650116217215526,0.01579359895559829,0.035080425784970705
xy_delta_absmax_roll24h_mean,0.029942148897551302,0.0,0.0,0.0037471022934636527,0.0,0.03368925119101496
corr_pressure_flow_roll6h_std,0.0,0.0,0.005541305730737627,0.0015758577968849419,0.025404850958870226,0.03252201448649279
z_vibration_x_g_max_roll6h_min,3.992590712930093e-05,0.0,0.0264000114075722,0.0044594314881810145,0.0011746788247794517,0.032074047627661965
corr_pressure_flow_roll6h_mean,0.0,0.0,0.02899750173856169,0.00034791108036743933,0.0021268235550785243,0.03147223637400765
xy_delta_mean,0.0,0.0233486944119062,0.007093896339208181,0.0009493639918789965,0.0,0.031391954742993375
z_pressure_bar_mean_roll6h_slope,0.0,0.0,0.019398830939369362,0.01110129172612486,6.681052531917882e-06,0.030506803718026138
z_vibration_x_g_mean_roll72h_max,0.0,0.0,0.00450608120966683,0.024866865882724232,0.0,0.029372947092391063
z_vibration_x_g_mean_roll72h_min,0.0,0.0,0.0017928892720449252,0.0038506768876575867,0.022154327417146638,0.02779789357684915
z_temp_celsius_mean_roll6h_slope,0.0,0.0,0.022427701995787534,0.0021411552736137034,0.0022894101500719895,0.026858267419473225
corr_pressure_flow_roll72h_mean,0.0,0.0,0.00625659479156892,0.019622641269401556,0.0004017626470397733,0.026280998708010248
z_vibration_x_g_mean_lag1h,0.0,0.0,0.016241382679031358,0.002924442835451285,0.005786121675048577,0.02495194718953122
z_vibration_x_g_mean_diff24h,0.0,0.0015954908339914137,0.020942172545861303,0.001153757782386302,0.0007599881065077474,0.024451409268746765
z_vibration_x_g_max_roll24h_slope,0.0,0.0,0.003946139584317091,0.01266652365920307,0.0070115427367677015,0.023624205980287864
z_vibration_x_g_mean_roll72h_mean,0.0,0.0,0.01374642422631074,0.0003274151688574834,0.009084001286589271,0.023157840681757493
z_flow_lpm_mean_roll72h_slope,0.0,0.0,0.0027836900114852734,0.0024268427550710897,0.01783056514636242,0.023041097912918782
pct_pressure_minus_flow_mean_roll6h_slope,0.0,0.0,0.0074034983272666536,0.010312196730613956,0.0038415547936975596,0.02155724985157817
vibration_y_g_max,0.004679221860229121,0.0,0.002001357493361379,0.014401372469809985,0.0002680698921349453,0.02135002171553543
z_temp_celsius_mean_roll72h_mean,0.0,0.000477106635691339,0.011123798316688692,0.009627374893567903,7.425885526197033e-06,0.02123570573147413
z_pressure_bar_mean_roll72h_min,0.0,0.0,0.012853610231941455,0.0063749636883926285,0.0013628089894534056,0.02059138290978749
z_vibration_x_g_mean_roll24h_mean,0.0,0.0,0.013865374777441125,0.00376265799380958,0.002118172935259586,0.01974620570651029
vib_spec_band1_share,0.0,0.0,0.0030579046719008394,0.016324838468445905,0.0,0.019382743140346746
xy_delta_absmax_roll72h_max,0.0,5.57758156153634e-06,0.0001170086738130859,0.0,0.017505839705976755,0.017628425961351377
z_flow_lpm_mean_roll72h_std,0.00021106821186464962,0.0,0.010811852670501155,0.0021250283241198565,0.004317865990868318,0.01746581519735398
z_vibration_x_g_mean_roll24h_std,0.004915081988247301,0.0,0.002104994244294341,0.0007323575983954032,0.009063882599721471,0.016816316430658517
xy_delta_absmax_roll24h_slope,6.716723964150242e-05,0.0,0.0029861180372741983,0.00016577507516439706,0.01329633490072127,0.01651539525280137
flow_lpm_mean,0.0,0.0,0.002684592755011644,0.006731836348865342,0.00553623158388496,0.014952660687761946
z_vibration_x_g_mean_roll6h_std,0.008176932111694133,2.155805199204573e-05,0.003831731965525484,1.8761103465795446e-06,0.0025127548156825435,0.014544853055240784
z_temp_celsius_mean_roll24h_max,0.0,4.627452201614682e-05,0.012168157774622,0.0015545088514714483,1.644336208458463e-05,0.01378538451019418
vib_x_kurtosis_roll24h_slope,0.0,0.0,0.004175937104062165,0.0004630445408412461,0.00886665216873436,0.013505633813637771
vib_x_kurtosis_roll6h_min,0.0,0.0,0.009606561043674225,0.002465929437780078,0.0013094519829294291,0.013381942464383732
xy_delta_absmax_roll6h_max,0.009624859755512064,0.0,0.0,0.0032477314843705873,0.0,0.012872591239882651
z_vibration_x_g_mean_roll24h_max,0.0,0.0,0.011680283440341001,0.0004370068454847563,1.0518585256690358e-05,0.012127808871082448
corr_pressure_flow_roll24h_slope,0.0,0.0,0.0033101419753238963,0.003575258859072869,0.005113431088290628,0.011998831922687393
z_vibration_x_g_max_roll72h_slope,0.0,0.00022909289563875584,0.0033291186030588154,0.007243481020989453,0.000983137286316155,0.01178482980600318
vib_x_kurtosis_roll72h_mean,0.0,0.0,0.007189538667473471,0.003072182118839424,0.0011663553246382527,0.011428076110951148
z_vibration_x_g_max_roll72h_std,0.0,0.0,0.0013801812446173167,0.003160320540134346,0.006855912078919963,0.011396413863671625
corr_pressure_flow_roll24h_min,0.0,0.0,0.0012153825136759669,0.004653847368751143,0.0051616368435541266,0.011030866725981237
vib_spec_entropy,0.0009583940060144962,0.0,0.006899979478397036,0.0021805109025421375,0.0008254450288743875,0.010864329415828057
corr_pressure_flow_roll72h_std,0.0,6.46539765910553e-06,0.007152960060404116,0.0001320780802669548,0.0033458549167555917,0.010637358455085767
z_vibration_x_g_mean_roll72h_std,0.0,0.00011825242136989223,0.009660695462470876,0.0007327737311676693,0.00011414099764058024,0.010625862612649018
vib_x_kurtosis_roll72h_std,0.0,0.0,0.009813152336143405,0.00026740291615593,8.875146167054312e-05,0.01016930671396988
z_vibration_x_g_max,0.0,0.0,0.0035291186456959008,0.0007994333782818591,0.004572542142595989,0.00890109416657375
xy_delta_mean_lag1h,0.0,0.007796701669722884,0.0009878757802064906,0.0,0.0,0.008784577449929375
corr_pressure_flow_roll72h_min,0.0,0.000246947387519408,0.006771922258980316,0.0,0.0017497777812849496,0.008768647427784673
xy_delta_absmax_roll72h_mean,0.0,0.0,0.0,0.008643807647534696,0.0,0.008643807647534696
z_flow_lpm_mean_roll24h_slope,0.0,0.00016503579665464032,0.00326212531526809,0.0010165757255050597,0.004056977402040643,0.008500714239468434
corr_pressure_flow_roll24h_std,0.0,0.0004636670284335612,0.004089750247716003,0.00032478053865996493,0.003267794258793688,0.008145992073603217
temp_celsius_std,0.0,0.0003307398912959343,0.004575934867099433,0.0017482921068462333,0.0010723776455457744,0.007727344510787376
vib_x_kurtosis_roll24h_mean,0.0,0.0,0.0007530673818525493,0.006745018269921949,0.0,0.007498085651774498
z_vibration_x_g_max_roll6h_mean,0.0,0.00016253358849007305,0.0015937672074258244,0.0039492207475141676,0.001125506441043658,0.006831027984473723
vib_x_kurtosis_roll6h_mean,0.0,0.0,0.003598820832116399,0.0030791813610410823,0.0,0.006678002193157482
z_vibration_x_g_max_roll72h_mean,0.0,0.0,0.003930230416510868,0.0021584799600455704,0.0005555944084833571,0.0066443047850397955
z_vibration_x_g_max_roll6h_std,0.00027403389833785606,0.0,0.0016319329993091556,0.0025699677959187877,0.0020372474921734624,0.006513182185739262
z_temp_celsius_mean_roll72h_min,0.0,0.0003373505704356155,0.0032475253727110875,0.0024179928138657373,0.0004688822242002726,0.006471750981212713
xy_divergence_share,7.23858956043712e-05,0.0,0.006024605532611294,0.0,0.0,0.006096991428215666
vib_x_kurtosis_roll6h_std,0.0006707589974181578,0.0,0.004529169094925613,0.0,0.0,0.005199928092343771
xy_delta_absmax_roll6h_std,0.0010328030026360707,0.0,0.0002548962219308138,0.0032922906978689794,0.0,0.004579989922435863
z_flow_lpm_mean_lag24h,0.0,0.00019763222622113988,0.0009984747955810347,3.6968071052918834e-05,0.0030423597661451258,0.004275434859000219
z_flow_lpm_mean_diff1h,0.0,0.0004960040031579809,0.0031082702092379596,0.0,0.0003731966889437506,0.003977470901339691
z_temp_celsius_mean_roll72h_max,0.0,0.0,0.003913158371982536,0.0,0.0,0.003913158371982536
z_vibration_x_g_mean_lag24h,0.0,0.0,0.0010140685631111577,0.00031752239469389057,0.0025788365924569907,0.003910427550262039
z_flow_lpm_mean_diff24h,0.0,0.0,0.0023108486306961653,0.00031954577824047246,0.0011713936680458894,0.0038017880769825275
vib_x_crest,0.0,0.0,0.0006586663592139751,0.003106131893742731,0.0,0.003764798252956706
vib_x_kurtosis,0.0,0.0,0.0005635952352400227,0.002467298210739691,0.0004882067412353419,0.003519100187215056
corr_pressure_flow,0.0,0.0,0.0015892609222583108,0.0012435202635771862,0.0005059354193819173,0.0033387166052174146
z_vibration_x_g_max_roll6h_slope,0.0,0.0,0.001238758914789249,0.002025378789569852,2.6127455279868e-05,0.0032902651596389693
xy_delta_absmax_roll24h_max,0.0,0.0,5.680488315554628e-05,0.0008623394711609332,0.0022221415129045218,0.0031412858672210013
z_vibration_x_g_mean_diff1h,0.0003428838194615623,0.0,0.0008020702282145741,0.001328048641906049,0.0,0.0024730026895821854
vib_x_kurtosis_roll24h_std,0.0,0.0,0.002239901653743495,0.00020089265610638644,0.0,0.0024407943098498815
z_pressure_bar_mean_lag24h,0.0,0.0,0.0009195829285932586,0.0006363519962201299,0.0008673378739481857,0.002423272798761574
corr_pressure_flow_roll24h_max,0.0,0.00022124903855753772,0.0003038316936049852,0.0012283248281612284,0.0003594891090810368,0.0021128946694047883
xy_delta_mean_diff24h,0.0,0.0019628703529159185,0.0,0.0,0.0,0.0019628703529159185
z_pressure_bar_mean_diff1h,0.0,0.0,0.001797983566903715,0.0,5.467615969036334e-05,0.0018526597265940783
z_temp_celsius_mean_diff1h,0.0,0.0,0.001699394336459225,6.270158214094594e-05,6.236725590227362e-05,0.0018244631745024445
imputed_share,0.0,0.0,0.0,0.0014942742585219084,0.00015583499737851646,0.0016501092559004248
xy_delta_absmax_roll24h_std,0.0,0.0,0.0,0.0016176425935393094,0.0,0.0016176425935393094
z_vibration_x_g_mean_roll6h_slope,7.829798326252354e-05,0.0,0.0012299953273958992,0.0,0.00025382349983481945,0.001562116810493242
corr_temp_flow,0.0,0.0,0.0008716916816796223,0.00024156924829277205,4.141292834566245e-05,0.0011546738583180568
flow_lpm_std,0.0,0.0001023245890942052,0.0,0.0,0.0008041714766404232,0.0009064960657346284
xy_delta_absmax_roll6h_slope,0.0008677727642005616,0.0,0.0,0.0,0.0,0.0008677727642005616
corr_pressure_flow_roll6h_slope,0.0,0.0,0.0,0.0006271799457486355,0.00023615047631234113,0.0008633304220609766
is_weekend,0.0,0.0,0.0,0.0008104731087569082,0.0,0.0008104731087569082
vib_spec_band2_share,0.0,0.0,0.0005257750192341963,0.0,0.00012880385098628332,0.0006545788702204796
xy_delta_absmax_roll6h_min,0.0,0.0,0.00037210242623180606,0.0,0.0,0.00037210242623180606
xy_delta_absmax_roll72h_std,0.0,0.0,0.0,0.00025892363844212056,0.0,0.00025892363844212056
corr_pressure_flow_roll6h_max,0.0,0.0,0.0,0.00014857939819422114,1.8140681886345073e-05,0.0001667200800805662
vib_x_kurtosis_roll6h_slope,0.0,0.0,0.0,0.00011252334681816287,0.0,0.00011252334681816287
xy_delta_absmax_roll72h_min,0.0,0.0,0.0,0.0,0.0,0.0
xy_delta_absmax_roll24h_min,0.0,0.0,0.0,0.0,0.0,0.0
xy_delta_mean_diff1h,0.0,0.0,0.0,0.0,0.0,0.0
xy_delta_mean_lag24h,0.0,0.0,0.0,0.0,0.0,0.0
missing_share,0.0,0.0,0.0,0.0,0.0,0.0
invalid_count,0.0,0.0,0.0,0.0,0.0,0.0
